{
    "version": "4.13.1.dev14+ga01ec777",
    "queen_int": {
        "mean": 0.10920027082320302,
        "std": 0.020187548225061188
    },
    "queen_str": {
        "mean": 0.1017881458858028,
        "std": 0.01833704227630996
    },
    "queen_int_strict": {
        "mean": 0.31799160831142215,
        "std": 0.0020068734272518417
    },
    "queen_str_strict": {
        "mean": 0.3286190209211782,
        "std": 0.01928133209227243
    },
    "knn_10_int": {
        "mean": 0.024900841782800852,
        "std": 0.00043173728306308373
    },
    "knn_10_str": {
        "mean": 0.031059708283282816,
        "std": 0.0003164549844492539
    },
    "knn_500_int": {
        "mean": 0.22332576238550245,
        "std": 0.005307254049118129
    },
    "knn_500_str": {
        "mean": 0.4165452209301293,
        "std": 0.0017880199415023917
    },
    "kernel_int": {
        "mean": 0.3351672415621579,
        "std": 0.023597386247916227
    },
    "kernel_str": {
        "mean": 0.7452414750121534,
        "std": 0.008023644628654479
    },
    "assign_self_weight_small_int": {
        "mean": 0.004125737538561225,
        "std": 0.0006155291350163758
    },
    "assign_self_weight_large_int": {
        "mean": 0.09749369169585406,
        "std": 0.004411739138039398
    },
    "assign_self_weight_small_str": {
        "mean": 0.010200412361882627,
        "std": 0.000504740384778999
    },
    "assign_self_weight_large_str": {
        "mean": 0.2589453041087836,
        "std": 0.004367613279158766
    },
    "sparse_small_int": {
        "mean": 0.0003439947455190122,
        "std": 0.00012388488322321412
    },
    "sparse_large_int": {
        "mean": 0.01072925938735716,
        "std": 0.0025470408238193213
    },
    "sparse_small_str": {
        "mean": 0.0003441800721921027,
        "std": 0.00032913256973422664
    },
    "sparse_large_str": {
        "mean": 0.010543452413752675,
        "std": 0.001791658153606046
    },
    "subgraph_small_int": {
        "mean": 0.0059226417215541005,
        "std": 0.00020078535750021596
    },
    "subgraph_large_int": {
        "mean": 0.019824503781273962,
        "std": 0.0022293929747628275
    },
    "subgraph_small_str": {
        "mean": 0.006567858462221921,
        "std": 0.00023698073401308311
    },
    "subgraph_large_str": {
        "mean": 0.029949891753494738,
        "std": 0.0016261504776117926
    }
}